	acetate (total)	no3 (total)	no2 (total)	no (total)	n2o (total)	n2 (total)	leu (total)	pyr (total)	for (total)	succ (total)	fum (total)	i (total)	acetate (3H11)	no3 (3H11)	no2 (3H11)	no (3H11)	n2o (3H11)	n2 (3H11)	leu (3H11)	pyr (3H11)	for (3H11)	succ (3H11)	fum (3H11)	i (3H11)	growth (3H11)	acetate (R12)	no3 (R12)	no2 (R12)	no (R12)	n2o (R12)	n2 (R12)	leu (R12)	pyr (R12)	for (R12)	succ (R12)	fum (R12)	i (R12)	growth (R12)
0	0.007963372918691812	0.015765185	1.5719405314387064e-05	0	-0.007890444551185944	-7.651471249742465e-09	0	0	0	0	0	0	-0.007963372918691812	-0.013600931789312602	0.013600931789312602	0.0	-7.651471249742465e-09	7.651471249742465e-09	0	0.003626144140223984	-3.825735624871209e-08	0	0	0	1.5940160000000001e-06	0.0	-0.0021642532106873995	-0.013616651194626989	0.0	0.007890452202657194	0	0	-0.003626144140223984	3.825735624871209e-08	0	0	0	2.391024e-06
1	0.007963372918691812	0.015765185	1.5719405314387064e-05	0	-0.007890444551185944	-7.651471249742465e-09	0	0	0	0	0	1	-0.007963372918691812	-0.013600931789312602	0.013600931789312602	0.0	-7.651471249742465e-09	7.651471249742465e-09	0	0.003626144140223984	-3.825735624871209e-08	0	0	1	1.5940160000000001e-06	0.0	-0.0021642532106873995	-0.013616651194626989	0.0	0.007890452202657194	0	0	-0.003626144140223984	3.825735624871209e-08	0	0	1	2.391024e-06
2	0.007963372918691812	0.015765185	1.5719405314387064e-05	0	-0.007890444551185944	-7.651471249742465e-09	0	0	0	0	0	2	-0.007963372918691812	-0.013600931789312602	0.013600931789312602	0.0	-7.651471249742465e-09	7.651471249742465e-09	0	0.003626144140223984	-3.825735624871209e-08	0	0	2	1.5940160000000001e-06	0.0	-0.0021642532106873995	-0.013616651194626989	0.0	0.007890452202657194	0	0	-0.003626144140223984	3.825735624871209e-08	0	0	2	2.391024e-06
3	0.007963372918691812	0.015765185	1.5719405314387064e-05	0	-0.007890444551185944	-7.651471249742465e-09	0	0	0	0	0	3	-0.007963372918691812	-0.013600931789312602	0.013600931789312602	0.0	-7.651471249742465e-09	7.651471249742465e-09	0	0.003626144140223984	-3.825735624871209e-08	0	0	3	1.5940160000000001e-06	0.0	-0.0021642532106873995	-0.013616651194626989	0.0	0.007890452202657194	0	0	-0.003626144140223984	3.825735624871209e-08	0	0	3	2.391024e-06
4	0.007963372918691812	0.015765185	1.5719405314387064e-05	0	-0.007890444551185944	-7.651471249742465e-09	0	0	0	0	0	4	-0.007963372918691812	-0.013600931789312602	0.013600931789312602	0.0	-7.651471249742465e-09	7.651471249742465e-09	0	0.003626144140223984	-3.825735624871209e-08	0	0	4	1.5940160000000001e-06	0.0	-0.0021642532106873995	-0.013616651194626989	0.0	0.007890452202657194	0	0	-0.003626144140223984	3.825735624871209e-08	0	0	4	2.391024e-06
5	0.007963372918691812	0.015765185	1.5719405314387064e-05	0	-0.007890444551185944	-7.651471249742465e-09	0	0	0	0	0	5	-0.007963372918691812	-0.013600931789312602	0.013600931789312602	0.0	-7.651471249742465e-09	7.651471249742465e-09	0	0.003626144140223984	-3.825735624871209e-08	0	0	5	1.5940160000000001e-06	0.0	-0.0021642532106873995	-0.013616651194626989	0.0	0.007890452202657194	0	0	-0.003626144140223984	3.825735624871209e-08	0	0	5	2.391024e-06
6	0.007963372918691812	0.015765185	1.5719405314387064e-05	0	-0.007890444551185944	-7.651471249742465e-09	0	0	0	0	0	6	-0.007963372918691812	-0.013600931789312602	0.013600931789312602	0.0	-7.651471249742465e-09	7.651471249742465e-09	0	0.003626144140223984	-3.825735624871209e-08	0	0	6	1.5940160000000001e-06	0.0	-0.0021642532106873995	-0.013616651194626989	0.0	0.007890452202657194	0	0	-0.003626144140223984	3.825735624871209e-08	0	0	6	2.391024e-06
7	0.007963372918691812	0.015765185	1.5719405314387064e-05	0	-0.007890444551185944	-7.651471249742465e-09	0	0	0	0	0	7	-0.007963372918691812	-0.013600931789312602	0.013600931789312602	0.0	-7.651471249742465e-09	7.651471249742465e-09	0	0.003626144140223984	-3.825735624871209e-08	0	0	7	1.5940160000000001e-06	0.0	-0.0021642532106873995	-0.013616651194626989	0.0	0.007890452202657194	0	0	-0.003626144140223984	3.825735624871209e-08	0	0	7	2.391024e-06
8	0.007963372918691812	0.015765185	1.5719405314387064e-05	0	-0.007890444551185944	-7.651471249742465e-09	0	0	0	0	0	8	-0.007963372918691812	-0.013600931789312602	0.013600931789312602	0.0	-7.651471249742465e-09	7.651471249742465e-09	0	0.003626144140223984	-3.825735624871209e-08	0	0	8	1.5940160000000001e-06	0.0	-0.0021642532106873995	-0.013616651194626989	0.0	0.007890452202657194	0	0	-0.003626144140223984	3.825735624871209e-08	0	0	8	2.391024e-06
9	0.007963372918691812	0.015765185	1.5719405314387064e-05	0	-0.007890444551185944	-7.651471249742465e-09	0	0	0	0	0	9	-0.007963372918691812	-0.013600931789312602	0.013600931789312602	0.0	-7.651471249742465e-09	7.651471249742465e-09	0	0.003626144140223984	-3.825735624871209e-08	0	0	9	1.5940160000000001e-06	0.0	-0.0021642532106873995	-0.013616651194626989	0.0	0.007890452202657194	0	0	-0.003626144140223984	3.825735624871209e-08	0	0	9	2.391024e-06
10	0.007963372918691812	0.015765185	1.5719405314387064e-05	0	-0.007890444551185944	-7.651471249742465e-09	0	0	0	0	0	10	-0.007963372918691812	-0.013600931789312602	0.013600931789312602	0.0	-7.651471249742465e-09	7.651471249742465e-09	0	0.003626144140223984	-3.825735624871209e-08	0	0	10	1.5940160000000001e-06	0.0	-0.0021642532106873995	-0.013616651194626989	0.0	0.007890452202657194	0	0	-0.003626144140223984	3.825735624871209e-08	0	0	10	2.391024e-06
11	0.007963372918691812	0.015765185	1.5719405314387064e-05	0	-0.007890444551185944	-7.651471249742465e-09	0	0	0	0	0	11	-0.007963372918691812	-0.013600931789312602	0.013600931789312602	0.0	-7.651471249742465e-09	7.651471249742465e-09	0	0.003626144140223984	-3.825735624871209e-08	0	0	11	1.5940160000000001e-06	0.0	-0.0021642532106873995	-0.013616651194626989	0.0	0.007890452202657194	0	0	-0.003626144140223984	3.825735624871209e-08	0	0	11	2.391024e-06
12	0.007963372918691812	0.015765185	1.5719405314387064e-05	0	-0.007890444551185944	-7.651471249742465e-09	0	0	0	0	0	12	-0.007963372918691812	-0.013600931789312602	0.013600931789312602	0.0	-7.651471249742465e-09	7.651471249742465e-09	0	0.003626144140223984	-3.825735624871209e-08	0	0	12	1.5940160000000001e-06	0.0	-0.0021642532106873995	-0.013616651194626989	0.0	0.007890452202657194	0	0	-0.003626144140223984	3.825735624871209e-08	0	0	12	2.391024e-06
13	0.007963372918691812	0.015765185	1.5719405314387064e-05	0	-0.007890444551185944	-7.651471249742465e-09	0	0	0	0	0	13	-0.007963372918691812	-0.013600931789312602	0.013600931789312602	0.0	-7.651471249742465e-09	7.651471249742465e-09	0	0.003626144140223984	-3.825735624871209e-08	0	0	13	1.5940160000000001e-06	0.0	-0.0021642532106873995	-0.013616651194626989	0.0	0.007890452202657194	0	0	-0.003626144140223984	3.825735624871209e-08	0	0	13	2.391024e-06
14	0.007963372918691812	0.015765185	1.5719405314387064e-05	0	-0.007890444551185944	-7.651471249742465e-09	0	0	0	0	0	14	-0.007963372918691812	-0.013600931789312602	0.013600931789312602	0.0	-7.651471249742465e-09	7.651471249742465e-09	0	0.003626144140223984	-3.825735624871209e-08	0	0	14	1.5940160000000001e-06	0.0	-0.0021642532106873995	-0.013616651194626989	0.0	0.007890452202657194	0	0	-0.003626144140223984	3.825735624871209e-08	0	0	14	2.391024e-06
15	0.007963372918691812	0.015765185	1.5719405314387064e-05	0	-0.007890444551185944	-7.651471249742465e-09	0	0	0	0	0	15	-0.007963372918691812	-0.013600931789312602	0.013600931789312602	0.0	-7.651471249742465e-09	7.651471249742465e-09	0	0.003626144140223984	-3.825735624871209e-08	0	0	15	1.5940160000000001e-06	0.0	-0.0021642532106873995	-0.013616651194626989	0.0	0.007890452202657194	0	0	-0.003626144140223984	3.825735624871209e-08	0	0	15	2.391024e-06
16	0.007963372918691812	0.015765185	1.5719405314387064e-05	0	-0.007890444551185944	-7.651471249742465e-09	0	0	0	0	0	16	-0.007963372918691812	-0.013600931789312602	0.013600931789312602	0.0	-7.651471249742465e-09	7.651471249742465e-09	0	0.003626144140223984	-3.825735624871209e-08	0	0	16	1.5940160000000001e-06	0.0	-0.0021642532106873995	-0.013616651194626989	0.0	0.007890452202657194	0	0	-0.003626144140223984	3.825735624871209e-08	0	0	16	2.391024e-06
17	0.007963372918691812	0.015765185	1.5719405314387064e-05	0	-0.007890444551185944	-7.651471249742465e-09	0	0	0	0	0	17	-0.007963372918691812	-0.013600931789312602	0.013600931789312602	0.0	-7.651471249742465e-09	7.651471249742465e-09	0	0.003626144140223984	-3.825735624871209e-08	0	0	17	1.5940160000000001e-06	0.0	-0.0021642532106873995	-0.013616651194626989	0.0	0.007890452202657194	0	0	-0.003626144140223984	3.825735624871209e-08	0	0	17	2.391024e-06
18	0.007963372918691812	0.015765185	1.5719405314387064e-05	0	-0.007890444551185944	-7.651471249742465e-09	0	0	0	0	0	18	-0.007963372918691812	-0.013600931789312602	0.013600931789312602	0.0	-7.651471249742465e-09	7.651471249742465e-09	0	0.003626144140223984	-3.825735624871209e-08	0	0	18	1.5940160000000001e-06	0.0	-0.0021642532106873995	-0.013616651194626989	0.0	0.007890452202657194	0	0	-0.003626144140223984	3.825735624871209e-08	0	0	18	2.391024e-06
19	0.007963372918691812	0.015765185	1.5719405314387064e-05	0	-0.007890444551185944	-7.651471249742465e-09	0	0	0	0	0	19	-0.007963372918691812	-0.013600931789312602	0.013600931789312602	0.0	-7.651471249742465e-09	7.651471249742465e-09	0	0.003626144140223984	-3.825735624871209e-08	0	0	19	1.5940160000000001e-06	0.0	-0.0021642532106873995	-0.013616651194626989	0.0	0.007890452202657194	0	0	-0.003626144140223984	3.825735624871209e-08	0	0	19	2.391024e-06
20	0.007963372918691812	0.015765185	1.5719405314387064e-05	0	-0.007890444551185944	-7.651471249742465e-09	0	0	0	0	0	20	-0.007963372918691812	-0.013600931789312602	0.013600931789312602	0.0	-7.651471249742465e-09	7.651471249742465e-09	0	0.003626144140223984	-3.825735624871209e-08	0	0	20	1.5940160000000001e-06	0.0	-0.0021642532106873995	-0.013616651194626989	0.0	0.007890452202657194	0	0	-0.003626144140223984	3.825735624871209e-08	0	0	20	2.391024e-06
21	0.007963372918691812	0.015765185	1.5719405314387064e-05	0	-0.007890444551185944	-7.651471249742465e-09	0	0	0	0	0	21	-0.007963372918691812	-0.013600931789312602	0.013600931789312602	0.0	-7.651471249742465e-09	7.651471249742465e-09	0	0.003626144140223984	-3.825735624871209e-08	0	0	21	1.5940160000000001e-06	0.0	-0.0021642532106873995	-0.013616651194626989	0.0	0.007890452202657194	0	0	-0.003626144140223984	3.825735624871209e-08	0	0	21	2.391024e-06
22	0.007963372918691812	0.015765185	1.5719405314387064e-05	0	-0.007890444551185944	-7.651471249742465e-09	0	0	0	0	0	22	-0.007963372918691812	-0.013600931789312602	0.013600931789312602	0.0	-7.651471249742465e-09	7.651471249742465e-09	0	0.003626144140223984	-3.825735624871209e-08	0	0	22	1.5940160000000001e-06	0.0	-0.0021642532106873995	-0.013616651194626989	0.0	0.007890452202657194	0	0	-0.003626144140223984	3.825735624871209e-08	0	0	22	2.391024e-06
23	0.07715834272659144	0.2418810689042452	-0.17852703844303103	0	-0.0316770152306071	0.0	0	0	0	0	0	23	-0.07715834272659144	-0.14786292323353067	0.14786292323353067	0.0	0.0	0.0	0	0.03188185748077238	-1.6900615101745085e-07	0	0	23	1.760436e-05	0.0	-0.09401814567071452	0.030664115209500326	0.0	0.0316770152306071	0	0	-0.03188185748077238	1.6900615101745085e-07	0	0	23	2.640654e-05
24	0.07715834272659144	0.2418810689042452	-0.17852703844303103	0	-0.0316770152306071	0.0	0	0	0	0	0	24	-0.07715834272659144	-0.14786292323353067	0.14786292323353067	0.0	0.0	0.0	0	0.03188185748077238	-1.6900615101745085e-07	0	0	24	1.760436e-05	0.0	-0.09401814567071452	0.030664115209500326	0.0	0.0316770152306071	0	0	-0.03188185748077238	1.6900615101745085e-07	0	0	24	2.640654e-05
25	0.07715834272659144	0.2418810689042452	-0.17852703844303103	0	-0.0316770152306071	0.0	0	0	0	0	0	25	-0.07715834272659144	-0.14786292323353067	0.14786292323353067	0.0	0.0	0.0	0	0.03188185748077238	-1.6900615101745085e-07	0	0	25	1.760436e-05	0.0	-0.09401814567071452	0.030664115209500326	0.0	0.0316770152306071	0	0	-0.03188185748077238	1.6900615101745085e-07	0	0	25	2.640654e-05
26	0.07715834272659144	0.2418810689042452	-0.17852703844303103	0	-0.0316770152306071	0.0	0	0	0	0	0	26	-0.07715834272659144	-0.14786292323353067	0.14786292323353067	0.0	0.0	0.0	0	0.03188185748077238	-1.6900615101745085e-07	0	0	26	1.760436e-05	0.0	-0.09401814567071452	0.030664115209500326	0.0	0.0316770152306071	0	0	-0.03188185748077238	1.6900615101745085e-07	0	0	26	2.640654e-05
27	0.07715834272659144	0.2418810689042452	-0.17852703844303103	0	-0.0316770152306071	0.0	0	0	0	0	0	27	-0.07715834272659144	-0.14786292323353067	0.14786292323353067	0.0	0.0	0.0	0	0.03188185748077238	-1.6900615101745085e-07	0	0	27	1.760436e-05	0.0	-0.09401814567071452	0.030664115209500326	0.0	0.0316770152306071	0	0	-0.03188185748077238	1.6900615101745085e-07	0	0	27	2.640654e-05
28	0.07715834272659144	0.2418810689042452	-0.17852703844303103	0	-0.0316770152306071	0.0	0	0	0	0	0	28	-0.07715834272659144	-0.14786292323353067	0.14786292323353067	0.0	0.0	0.0	0	0.03188185748077238	-1.6900615101745085e-07	0	0	28	1.760436e-05	0.0	-0.09401814567071452	0.030664115209500326	0.0	0.0316770152306071	0	0	-0.03188185748077238	1.6900615101745085e-07	0	0	28	2.640654e-05
29	0.07715834272659144	0.2418810689042452	-0.17852703844303103	0	-0.0316770152306071	0.0	0	0	0	0	0	29	-0.07715834272659144	-0.14786292323353067	0.14786292323353067	0.0	0.0	0.0	0	0.03188185748077238	-1.6900615101745085e-07	0	0	29	1.760436e-05	0.0	-0.09401814567071452	0.030664115209500326	0.0	0.0316770152306071	0	0	-0.03188185748077238	1.6900615101745085e-07	0	0	29	2.640654e-05
30	0.07715834272659144	0.2418810689042452	-0.17852703844303103	0	-0.0316770152306071	0.0	0	0	0	0	0	30	-0.07715834272659144	-0.14786292323353067	0.14786292323353067	0.0	0.0	0.0	0	0.03188185748077238	-1.6900615101745085e-07	0	0	30	1.760436e-05	0.0	-0.09401814567071452	0.030664115209500326	0.0	0.0316770152306071	0	0	-0.03188185748077238	1.6900615101745085e-07	0	0	30	2.640654e-05
31	0.07715834272659144	0.2418810689042452	-0.17852703844303103	0	-0.0316770152306071	0.0	0	0	0	0	0	31	-0.07715834272659144	-0.14786292323353067	0.14786292323353067	0.0	0.0	0.0	0	0.03188185748077238	-1.6900615101745085e-07	0	0	31	1.760436e-05	0.0	-0.09401814567071452	0.030664115209500326	0.0	0.0316770152306071	0	0	-0.03188185748077238	1.6900615101745085e-07	0	0	31	2.640654e-05
32	0.07715834272659144	0.2418810689042452	-0.17852703844303103	0	-0.0316770152306071	0.0	0	0	0	0	0	32	-0.07715834272659144	-0.14786292323353067	0.14786292323353067	0.0	0.0	0.0	0	0.03188185748077238	-1.6900615101745085e-07	0	0	32	1.760436e-05	0.0	-0.09401814567071452	0.030664115209500326	0.0	0.0316770152306071	0	0	-0.03188185748077238	1.6900615101745085e-07	0	0	32	2.640654e-05
33	0.07715834272659144	0.2418810689042452	-0.17852703844303103	0	-0.0316770152306071	0.0	0	0	0	0	0	33	-0.07715834272659144	-0.14786292323353067	0.14786292323353067	0.0	0.0	0.0	0	0.03188185748077238	-1.6900615101745085e-07	0	0	33	1.760436e-05	0.0	-0.09401814567071452	0.030664115209500326	0.0	0.0316770152306071	0	0	-0.03188185748077238	1.6900615101745085e-07	0	0	33	2.640654e-05
34	0.07715834272659144	0.2418810689042452	-0.17852703844303103	0	-0.0316770152306071	0.0	0	0	0	0	0	34	-0.07715834272659144	-0.14786292323353067	0.14786292323353067	0.0	0.0	0.0	0	0.03188185748077238	-1.6900615101745085e-07	0	0	34	1.760436e-05	0.0	-0.09401814567071452	0.030664115209500326	0.0	0.0316770152306071	0	0	-0.03188185748077238	1.6900615101745085e-07	0	0	34	2.640654e-05
35	0.07715834272659144	0.2418810689042452	-0.17852703844303103	0	-0.0316770152306071	0.0	0	0	0	0	0	35	-0.07715834272659144	-0.14786292323353067	0.14786292323353067	0.0	0.0	0.0	0	0.03188185748077238	-1.6900615101745085e-07	0	0	35	1.760436e-05	0.0	-0.09401814567071452	0.030664115209500326	0.0	0.0316770152306071	0	0	-0.03188185748077238	1.6900615101745085e-07	0	0	35	2.640654e-05
36	0.07715834272659144	0.2418810689042452	-0.17852703844303103	0	-0.0316770152306071	0.0	0	0	0	0	0	36	-0.07715834272659144	-0.14786292323353067	0.14786292323353067	0.0	0.0	0.0	0	0.03188185748077238	-1.6900615101745085e-07	0	0	36	1.760436e-05	0.0	-0.09401814567071452	0.030664115209500326	0.0	0.0316770152306071	0	0	-0.03188185748077238	1.6900615101745085e-07	0	0	36	2.640654e-05
37	0.07715834272659144	0.2418810689042452	-0.17852703844303103	0	-0.0316770152306071	0.0	0	0	0	0	0	37	-0.07715834272659144	-0.14786292323353067	0.14786292323353067	0.0	0.0	0.0	0	0.03188185748077238	-1.6900615101745085e-07	0	0	37	1.760436e-05	0.0	-0.09401814567071452	0.030664115209500326	0.0	0.0316770152306071	0	0	-0.03188185748077238	1.6900615101745085e-07	0	0	37	2.640654e-05
38	0.07715834272659144	0.2418810689042452	-0.17852703844303103	0	-0.0316770152306071	0.0	0	0	0	0	0	38	-0.07715834272659144	-0.14786292323353067	0.14786292323353067	0.0	0.0	0.0	0	0.03188185748077238	-1.6900615101745085e-07	0	0	38	1.760436e-05	0.0	-0.09401814567071452	0.030664115209500326	0.0	0.0316770152306071	0	0	-0.03188185748077238	1.6900615101745085e-07	0	0	38	2.640654e-05
39	0.07715834272659144	0.2418810689042452	-0.17852703844303103	0	-0.0316770152306071	0.0	0	0	0	0	0	39	-0.07715834272659144	-0.14786292323353067	0.14786292323353067	0.0	0.0	0.0	0	0.03188185748077238	-1.6900615101745085e-07	0	0	39	1.760436e-05	0.0	-0.09401814567071452	0.030664115209500326	0.0	0.0316770152306071	0	0	-0.03188185748077238	1.6900615101745085e-07	0	0	39	2.640654e-05
40	0.07715834272659144	0.2418810689042452	-0.17852703844303103	0	-0.0316770152306071	0.0	0	0	0	0	0	40	-0.07715834272659144	-0.14786292323353067	0.14786292323353067	0.0	0.0	0.0	0	0.03188185748077238	-1.6900615101745085e-07	0	0	40	1.760436e-05	0.0	-0.09401814567071452	0.030664115209500326	0.0	0.0316770152306071	0	0	-0.03188185748077238	1.6900615101745085e-07	0	0	40	2.640654e-05
41	0.07715834272659144	0.2418810689042452	-0.17852703844303103	0	-0.0316770152306071	0.0	0	0	0	0	0	41	-0.07715834272659144	-0.14786292323353067	0.14786292323353067	0.0	0.0	0.0	0	0.03188185748077238	-1.6900615101745085e-07	0	0	41	1.760436e-05	0.0	-0.09401814567071452	0.030664115209500326	0.0	0.0316770152306071	0	0	-0.03188185748077238	1.6900615101745085e-07	0	0	41	2.640654e-05
42	0.1262054183814136	0.336007637	-0.1701263942291881	0	-0.08294062138540596	0.0	0	0	0	0	0	42	-0.1262054183814136	-0.22869377645676303	0.22869377645676303	0.0	0.0	0.0	0	0.054990461270724426	-1.4585957878482744e-07	0	0	42	1.519332e-05	0.0	-0.107313860543237	-0.05856738222757493	0.0	0.08294062138540596	0	0	-0.054990461270724426	1.4585957878482744e-07	0	0	42	2.278998e-05
43	0.1262054183814136	0.336007637	-0.1701263942291881	0	-0.08294062138540596	0.0	0	0	0	0	0	43	-0.1262054183814136	-0.22869377645676303	0.22869377645676303	0.0	0.0	0.0	0	0.054990461270724426	-1.4585957878482744e-07	0	0	43	1.519332e-05	0.0	-0.107313860543237	-0.05856738222757493	0.0	0.08294062138540596	0	0	-0.054990461270724426	1.4585957878482744e-07	0	0	43	2.278998e-05
44	0.1262054183814136	0.336007637	-0.1701263942291881	0	-0.08294062138540596	0.0	0	0	0	0	0	44	-0.1262054183814136	-0.22869377645676303	0.22869377645676303	0.0	0.0	0.0	0	0.054990461270724426	-1.4585957878482744e-07	0	0	44	1.519332e-05	0.0	-0.107313860543237	-0.05856738222757493	0.0	0.08294062138540596	0	0	-0.054990461270724426	1.4585957878482744e-07	0	0	44	2.278998e-05
45	0.1262054183814136	0.336007637	-0.1701263942291881	0	-0.08294062138540596	0.0	0	0	0	0	0	45	-0.1262054183814136	-0.22869377645676303	0.22869377645676303	0.0	0.0	0.0	0	0.054990461270724426	-1.4585957878482744e-07	0	0	45	1.519332e-05	0.0	-0.107313860543237	-0.05856738222757493	0.0	0.08294062138540596	0	0	-0.054990461270724426	1.4585957878482744e-07	0	0	45	2.278998e-05
46	0.1262054183814136	0.336007637	-0.1701263942291881	0	-0.08294062138540596	0.0	0	0	0	0	0	46	-0.1262054183814136	-0.22869377645676303	0.22869377645676303	0.0	0.0	0.0	0	0.054990461270724426	-1.4585957878482744e-07	0	0	46	1.519332e-05	0.0	-0.107313860543237	-0.05856738222757493	0.0	0.08294062138540596	0	0	-0.054990461270724426	1.4585957878482744e-07	0	0	46	2.278998e-05
47	0.1262054183814136	0.336007637	-0.1701263942291881	0	-0.08294062138540596	0.0	0	0	0	0	0	47	-0.1262054183814136	-0.22869377645676303	0.22869377645676303	0.0	0.0	0.0	0	0.054990461270724426	-1.4585957878482744e-07	0	0	47	1.519332e-05	0.0	-0.107313860543237	-0.05856738222757493	0.0	0.08294062138540596	0	0	-0.054990461270724426	1.4585957878482744e-07	0	0	47	2.278998e-05
48	0.1262054183814136	0.336007637	-0.1701263942291881	0	-0.08294062138540596	0.0	0	0	0	0	0	48	-0.1262054183814136	-0.22869377645676303	0.22869377645676303	0.0	0.0	0.0	0	0.054990461270724426	-1.4585957878482744e-07	0	0	48	1.519332e-05	0.0	-0.107313860543237	-0.05856738222757493	0.0	0.08294062138540596	0	0	-0.054990461270724426	1.4585957878482744e-07	0	0	48	2.278998e-05
49	0.1262054183814136	0.336007637	-0.1701263942291881	0	-0.08294062138540596	0.0	0	0	0	0	0	49	-0.1262054183814136	-0.22869377645676303	0.22869377645676303	0.0	0.0	0.0	0	0.054990461270724426	-1.4585957878482744e-07	0	0	49	1.519332e-05	0.0	-0.107313860543237	-0.05856738222757493	0.0	0.08294062138540596	0	0	-0.054990461270724426	1.4585957878482744e-07	0	0	49	2.278998e-05
50	0.1262054183814136	0.336007637	-0.1701263942291881	0	-0.08294062138540596	0.0	0	0	0	0	0	50	-0.1262054183814136	-0.22869377645676303	0.22869377645676303	0.0	0.0	0.0	0	0.054990461270724426	-1.4585957878482744e-07	0	0	50	1.519332e-05	0.0	-0.107313860543237	-0.05856738222757493	0.0	0.08294062138540596	0	0	-0.054990461270724426	1.4585957878482744e-07	0	0	50	2.278998e-05
51	0.1262054183814136	0.336007637	-0.1701263942291881	0	-0.08294062138540596	0.0	0	0	0	0	0	51	-0.1262054183814136	-0.22869377645676303	0.22869377645676303	0.0	0.0	0.0	0	0.054990461270724426	-1.4585957878482744e-07	0	0	51	1.519332e-05	0.0	-0.107313860543237	-0.05856738222757493	0.0	0.08294062138540596	0	0	-0.054990461270724426	1.4585957878482744e-07	0	0	51	2.278998e-05
52	0.1262054183814136	0.336007637	-0.1701263942291881	0	-0.08294062138540596	0.0	0	0	0	0	0	52	-0.1262054183814136	-0.22869377645676303	0.22869377645676303	0.0	0.0	0.0	0	0.054990461270724426	-1.4585957878482744e-07	0	0	52	1.519332e-05	0.0	-0.107313860543237	-0.05856738222757493	0.0	0.08294062138540596	0	0	-0.054990461270724426	1.4585957878482744e-07	0	0	52	2.278998e-05
53	0.04269169825339696	0.0	0.11294949303768968	0	0.0	-0.05647474651884484	0	0	0	0	0	53	-0.016304477946586484	0.0	0.0	-0.016521521292521893	-0.048213985872583895	0.05647474651884484	0	0.0	-1.1746858527373477e-07	0	0	53	6.992e-06	-0.02638722030681048	0.0	-0.11294949303768968	0.016521521292521893	0.048213985872583895	0	0	0.0	1.1746858527373477e-07	0	0	53	1.0487999999999999e-05
54	0.04269169825339696	0.0	0.11294949303768968	0	0.0	-0.05647474651884484	0	0	0	0	0	54	-0.016304477946586484	0.0	0.0	-0.016521521292521893	-0.048213985872583895	0.05647474651884484	0	0.0	-1.1746858527373477e-07	0	0	54	6.992e-06	-0.02638722030681048	0.0	-0.11294949303768968	0.016521521292521893	0.048213985872583895	0	0	0.0	1.1746858527373477e-07	0	0	54	1.0487999999999999e-05
55	0.04269169825339696	0.0	0.11294949303768968	0	0.0	-0.05647474651884484	0	0	0	0	0	55	-0.016304477946586484	0.0	0.0	-0.016521521292521893	-0.048213985872583895	0.05647474651884484	0	0.0	-1.1746858527373477e-07	0	0	55	6.992e-06	-0.02638722030681048	0.0	-0.11294949303768968	0.016521521292521893	0.048213985872583895	0	0	0.0	1.1746858527373477e-07	0	0	55	1.0487999999999999e-05
56	0.04269169825339696	0.0	0.11294949303768968	0	0.0	-0.05647474651884484	0	0	0	0	0	56	-0.016304477946586484	0.0	0.0	-0.016521521292521893	-0.048213985872583895	0.05647474651884484	0	0.0	-1.1746858527373477e-07	0	0	56	6.992e-06	-0.02638722030681048	0.0	-0.11294949303768968	0.016521521292521893	0.048213985872583895	0	0	0.0	1.1746858527373477e-07	0	0	56	1.0487999999999999e-05
57	0.04269169825339696	0.0	0.11294949303768968	0	0.0	-0.05647474651884484	0	0	0	0	0	57	-0.016304477946586484	0.0	0.0	-0.016521521292521893	-0.048213985872583895	0.05647474651884484	0	0.0	-1.1746858527373477e-07	0	0	57	6.992e-06	-0.02638722030681048	0.0	-0.11294949303768968	0.016521521292521893	0.048213985872583895	0	0	0.0	1.1746858527373477e-07	0	0	57	1.0487999999999999e-05
58	0.04269169825339696	0.0	0.11294949303768968	0	0.0	-0.05647474651884484	0	0	0	0	0	58	-0.016304477946586484	0.0	0.0	-0.016521521292521893	-0.048213985872583895	0.05647474651884484	0	0.0	-1.1746858527373477e-07	0	0	58	6.992e-06	-0.02638722030681048	0.0	-0.11294949303768968	0.016521521292521893	0.048213985872583895	0	0	0.0	1.1746858527373477e-07	0	0	58	1.0487999999999999e-05
59	0.04269169825339696	0.0	0.11294949303768968	0	0.0	-0.05647474651884484	0	0	0	0	0	59	-0.016304477946586484	0.0	0.0	-0.016521521292521893	-0.048213985872583895	0.05647474651884484	0	0.0	-1.1746858527373477e-07	0	0	59	6.992e-06	-0.02638722030681048	0.0	-0.11294949303768968	0.016521521292521893	0.048213985872583895	0	0	0.0	1.1746858527373477e-07	0	0	59	1.0487999999999999e-05
60	0.04269169825339696	0.0	0.11294949303768968	0	0.0	-0.05647474651884484	0	0	0	0	0	60	-0.016304477946586484	0.0	0.0	-0.016521521292521893	-0.048213985872583895	0.05647474651884484	0	0.0	-1.1746858527373477e-07	0	0	60	6.992e-06	-0.02638722030681048	0.0	-0.11294949303768968	0.016521521292521893	0.048213985872583895	0	0	0.0	1.1746858527373477e-07	0	0	60	1.0487999999999999e-05
61	0.04269169825339696	0.0	0.11294949303768968	0	0.0	-0.05647474651884484	0	0	0	0	0	61	-0.016304477946586484	0.0	0.0	-0.016521521292521893	-0.048213985872583895	0.05647474651884484	0	0.0	-1.1746858527373477e-07	0	0	61	6.992e-06	-0.02638722030681048	0.0	-0.11294949303768968	0.016521521292521893	0.048213985872583895	0	0	0.0	1.1746858527373477e-07	0	0	61	1.0487999999999999e-05
62	0.04269169825339696	0.0	0.11294949303768968	0	0.0	-0.05647474651884484	0	0	0	0	0	62	-0.016304477946586484	0.0	0.0	-0.016521521292521893	-0.048213985872583895	0.05647474651884484	0	0.0	-1.1746858527373477e-07	0	0	62	6.992e-06	-0.02638722030681048	0.0	-0.11294949303768968	0.016521521292521893	0.048213985872583895	0	0	0.0	1.1746858527373477e-07	0	0	62	1.0487999999999999e-05
63	0.04269169825339696	0.0	0.11294949303768968	0	0.0	-0.05647474651884484	0	0	0	0	0	63	-0.016304477946586484	0.0	0.0	-0.016521521292521893	-0.048213985872583895	0.05647474651884484	0	0.0	-1.1746858527373477e-07	0	0	63	6.992e-06	-0.02638722030681048	0.0	-0.11294949303768968	0.016521521292521893	0.048213985872583895	0	0	0.0	1.1746858527373477e-07	0	0	63	1.0487999999999999e-05
64	0.04269169825339696	0.0	0.11294949303768968	0	0.0	-0.05647474651884484	0	0	0	0	0	64	-0.016304477946586484	0.0	0.0	-0.016521521292521893	-0.048213985872583895	0.05647474651884484	0	0.0	-1.1746858527373477e-07	0	0	64	6.992e-06	-0.02638722030681048	0.0	-0.11294949303768968	0.016521521292521893	0.048213985872583895	0	0	0.0	1.1746858527373477e-07	0	0	64	1.0487999999999999e-05
65	0.04269169825339696	0.0	0.11294949303768968	0	0.0	-0.05647474651884484	0	0	0	0	0	65	-0.016304477946586484	0.0	0.0	-0.016521521292521893	-0.048213985872583895	0.05647474651884484	0	0.0	-1.1746858527373477e-07	0	0	65	6.992e-06	-0.02638722030681048	0.0	-0.11294949303768968	0.016521521292521893	0.048213985872583895	0	0	0.0	1.1746858527373477e-07	0	0	65	1.0487999999999999e-05
66	0.04269169825339696	0.0	0.11294949303768968	0	0.0	-0.05647474651884484	0	0	0	0	0	66	-0.016304477946586484	0.0	0.0	-0.016521521292521893	-0.048213985872583895	0.05647474651884484	0	0.0	-1.1746858527373477e-07	0	0	66	6.992e-06	-0.02638722030681048	0.0	-0.11294949303768968	0.016521521292521893	0.048213985872583895	0	0	0.0	1.1746858527373477e-07	0	0	66	1.0487999999999999e-05
67	0.04269169825339696	0.0	0.11294949303768968	0	0.0	-0.05647474651884484	0	0	0	0	0	67	-0.016304477946586484	0.0	0.0	-0.016521521292521893	-0.048213985872583895	0.05647474651884484	0	0.0	-1.1746858527373477e-07	0	0	67	6.992e-06	-0.02638722030681048	0.0	-0.11294949303768968	0.016521521292521893	0.048213985872583895	0	0	0.0	1.1746858527373477e-07	0	0	67	1.0487999999999999e-05
68	0.04269169825339696	0.0	0.11294949303768968	0	0.0	-0.05647474651884484	0	0	0	0	0	68	-0.016304477946586484	0.0	0.0	-0.016521521292521893	-0.048213985872583895	0.05647474651884484	0	0.0	-1.1746858527373477e-07	0	0	68	6.992e-06	-0.02638722030681048	0.0	-0.11294949303768968	0.016521521292521893	0.048213985872583895	0	0	0.0	1.1746858527373477e-07	0	0	68	1.0487999999999999e-05
69	0.04269169825339696	0.0	0.11294949303768968	0	0.0	-0.05647474651884484	0	0	0	0	0	69	-0.016304477946586484	0.0	0.0	-0.016521521292521893	-0.048213985872583895	0.05647474651884484	0	0.0	-1.1746858527373477e-07	0	0	69	6.992e-06	-0.02638722030681048	0.0	-0.11294949303768968	0.016521521292521893	0.048213985872583895	0	0	0.0	1.1746858527373477e-07	0	0	69	1.0487999999999999e-05
70	0.04269169825339696	0.0	0.11294949303768968	0	0.0	-0.05647474651884484	0	0	0	0	0	70	-0.016304477946586484	0.0	0.0	-0.016521521292521893	-0.048213985872583895	0.05647474651884484	0	0.0	-1.1746858527373477e-07	0	0	70	6.992e-06	-0.02638722030681048	0.0	-0.11294949303768968	0.016521521292521893	0.048213985872583895	0	0	0.0	1.1746858527373477e-07	0	0	70	1.0487999999999999e-05
71	0.038153449307400736	0.00050591	0.100448798	0	0.0	-0.050477354	0	0	0	0	0	71	-0.014492524854716488	-0.00050591	0.00050591	-0.013488270992676799	-0.0437332185036616	0.050477354	0	0.0	-3.375445781484558e-08	0	0	71	3.5160000000000003e-06	-0.023660924452684248	0.0	-0.100954708	0.013488270992676799	0.0437332185036616	0	0	0.0	3.375445781484558e-08	0	0	71	5.274e-06
72	0.038153449307400736	0.00050591	0.100448798	0	0.0	-0.050477354	0	0	0	0	0	72	-0.014492524854716488	-0.00050591	0.00050591	-0.013488270992676799	-0.0437332185036616	0.050477354	0	0.0	-3.375445781484558e-08	0	0	72	3.5160000000000003e-06	-0.023660924452684248	0.0	-0.100954708	0.013488270992676799	0.0437332185036616	0	0	0.0	3.375445781484558e-08	0	0	72	5.274e-06
73	0.038153449307400736	0.00050591	0.100448798	0	0.0	-0.050477354	0	0	0	0	0	73	-0.014492524854716488	-0.00050591	0.00050591	-0.013488270992676799	-0.0437332185036616	0.050477354	0	0.0	-3.375445781484558e-08	0	0	73	3.5160000000000003e-06	-0.023660924452684248	0.0	-0.100954708	0.013488270992676799	0.0437332185036616	0	0	0.0	3.375445781484558e-08	0	0	73	5.274e-06
74	0.038153449307400736	0.00050591	0.100448798	0	0.0	-0.050477354	0	0	0	0	0	74	-0.014492524854716488	-0.00050591	0.00050591	-0.013488270992676799	-0.0437332185036616	0.050477354	0	0.0	-3.375445781484558e-08	0	0	74	3.5160000000000003e-06	-0.023660924452684248	0.0	-0.100954708	0.013488270992676799	0.0437332185036616	0	0	0.0	3.375445781484558e-08	0	0	74	5.274e-06
75	0.038153449307400736	0.00050591	0.100448798	0	0.0	-0.050477354	0	0	0	0	0	75	-0.014492524854716488	-0.00050591	0.00050591	-0.013488270992676799	-0.0437332185036616	0.050477354	0	0.0	-3.375445781484558e-08	0	0	75	3.5160000000000003e-06	-0.023660924452684248	0.0	-0.100954708	0.013488270992676799	0.0437332185036616	0	0	0.0	3.375445781484558e-08	0	0	75	5.274e-06
76	0.038153449307400736	0.00050591	0.100448798	0	0.0	-0.050477354	0	0	0	0	0	76	-0.014492524854716488	-0.00050591	0.00050591	-0.013488270992676799	-0.0437332185036616	0.050477354	0	0.0	-3.375445781484558e-08	0	0	76	3.5160000000000003e-06	-0.023660924452684248	0.0	-0.100954708	0.013488270992676799	0.0437332185036616	0	0	0.0	3.375445781484558e-08	0	0	76	5.274e-06
77	0.038153449307400736	0.00050591	0.100448798	0	0.0	-0.050477354	0	0	0	0	0	77	-0.014492524854716488	-0.00050591	0.00050591	-0.013488270992676799	-0.0437332185036616	0.050477354	0	0.0	-3.375445781484558e-08	0	0	77	3.5160000000000003e-06	-0.023660924452684248	0.0	-0.100954708	0.013488270992676799	0.0437332185036616	0	0	0.0	3.375445781484558e-08	0	0	77	5.274e-06
78	0.038153449307400736	0.00050591	0.100448798	0	0.0	-0.050477354	0	0	0	0	0	78	-0.014492524854716488	-0.00050591	0.00050591	-0.013488270992676799	-0.0437332185036616	0.050477354	0	0.0	-3.375445781484558e-08	0	0	78	3.5160000000000003e-06	-0.023660924452684248	0.0	-0.100954708	0.013488270992676799	0.0437332185036616	0	0	0.0	3.375445781484558e-08	0	0	78	5.274e-06
79	0.038153449307400736	0.00050591	0.100448798	0	0.0	-0.050477354	0	0	0	0	0	79	-0.014492524854716488	-0.00050591	0.00050591	-0.013488270992676799	-0.0437332185036616	0.050477354	0	0.0	-3.375445781484558e-08	0	0	79	3.5160000000000003e-06	-0.023660924452684248	0.0	-0.100954708	0.013488270992676799	0.0437332185036616	0	0	0.0	3.375445781484558e-08	0	0	79	5.274e-06
80	0.038153449307400736	0.00050591	0.100448798	0	0.0	-0.050477354	0	0	0	0	0	80	-0.014492524854716488	-0.00050591	0.00050591	-0.013488270992676799	-0.0437332185036616	0.050477354	0	0.0	-3.375445781484558e-08	0	0	80	3.5160000000000003e-06	-0.023660924452684248	0.0	-0.100954708	0.013488270992676799	0.0437332185036616	0	0	0.0	3.375445781484558e-08	0	0	80	5.274e-06
81	0.038153449307400736	0.00050591	0.100448798	0	0.0	-0.050477354	0	0	0	0	0	81	-0.014492524854716488	-0.00050591	0.00050591	-0.013488270992676799	-0.0437332185036616	0.050477354	0	0.0	-3.375445781484558e-08	0	0	81	3.5160000000000003e-06	-0.023660924452684248	0.0	-0.100954708	0.013488270992676799	0.0437332185036616	0	0	0.0	3.375445781484558e-08	0	0	81	5.274e-06
82	0.038153449307400736	0.00050591	0.100448798	0	0.0	-0.050477354	0	0	0	0	0	82	-0.014492524854716488	-0.00050591	0.00050591	-0.013488270992676799	-0.0437332185036616	0.050477354	0	0.0	-3.375445781484558e-08	0	0	82	3.5160000000000003e-06	-0.023660924452684248	0.0	-0.100954708	0.013488270992676799	0.0437332185036616	0	0	0.0	3.375445781484558e-08	0	0	82	5.274e-06
83	0.038153449307400736	0.00050591	0.100448798	0	0.0	-0.050477354	0	0	0	0	0	83	-0.014492524854716488	-0.00050591	0.00050591	-0.013488270992676799	-0.0437332185036616	0.050477354	0	0.0	-3.375445781484558e-08	0	0	83	3.5160000000000003e-06	-0.023660924452684248	0.0	-0.100954708	0.013488270992676799	0.0437332185036616	0	0	0.0	3.375445781484558e-08	0	0	83	5.274e-06
84	0.038153449307400736	0.00050591	0.100448798	0	0.0	-0.050477354	0	0	0	0	0	84	-0.014492524854716488	-0.00050591	0.00050591	-0.013488270992676799	-0.0437332185036616	0.050477354	0	0.0	-3.375445781484558e-08	0	0	84	3.5160000000000003e-06	-0.023660924452684248	0.0	-0.100954708	0.013488270992676799	0.0437332185036616	0	0	0.0	3.375445781484558e-08	0	0	84	5.274e-06
85	0.038153449307400736	0.00050591	0.100448798	0	0.0	-0.050477354	0	0	0	0	0	85	-0.014492524854716488	-0.00050591	0.00050591	-0.013488270992676799	-0.0437332185036616	0.050477354	0	0.0	-3.375445781484558e-08	0	0	85	3.5160000000000003e-06	-0.023660924452684248	0.0	-0.100954708	0.013488270992676799	0.0437332185036616	0	0	0.0	3.375445781484558e-08	0	0	85	5.274e-06
86	0.038153449307400736	0.00050591	0.100448798	0	0.0	-0.050477354	0	0	0	0	0	86	-0.014492524854716488	-0.00050591	0.00050591	-0.013488270992676799	-0.0437332185036616	0.050477354	0	0.0	-3.375445781484558e-08	0	0	86	3.5160000000000003e-06	-0.023660924452684248	0.0	-0.100954708	0.013488270992676799	0.0437332185036616	0	0	0.0	3.375445781484558e-08	0	0	86	5.274e-06
87	0.038153449307400736	0.00050591	0.100448798	0	0.0	-0.050477354	0	0	0	0	0	87	-0.014492524854716488	-0.00050591	0.00050591	-0.013488270992676799	-0.0437332185036616	0.050477354	0	0.0	-3.375445781484558e-08	0	0	87	3.5160000000000003e-06	-0.023660924452684248	0.0	-0.100954708	0.013488270992676799	0.0437332185036616	0	0	0.0	3.375445781484558e-08	0	0	87	5.274e-06
88	0.038153449307400736	0.00050591	0.100448798	0	0.0	-0.050477354	0	0	0	0	0	88	-0.014492524854716488	-0.00050591	0.00050591	-0.013488270992676799	-0.0437332185036616	0.050477354	0	0.0	-3.375445781484558e-08	0	0	88	3.5160000000000003e-06	-0.023660924452684248	0.0	-0.100954708	0.013488270992676799	0.0437332185036616	0	0	0.0	3.375445781484558e-08	0	0	88	5.274e-06
89	0.038153449307400736	0.00050591	0.100448798	0	0.0	-0.050477354	0	0	0	0	0	89	-0.014492524854716488	-0.00050591	0.00050591	-0.013488270992676799	-0.0437332185036616	0.050477354	0	0.0	-3.375445781484558e-08	0	0	89	3.5160000000000003e-06	-0.023660924452684248	0.0	-0.100954708	0.013488270992676799	0.0437332185036616	0	0	0.0	3.375445781484558e-08	0	0	89	5.274e-06
90	0.038153449307400736	0.00050591	0.100448798	0	0.0	-0.050477354	0	0	0	0	0	90	-0.014492524854716488	-0.00050591	0.00050591	-0.013488270992676799	-0.0437332185036616	0.050477354	0	0.0	-3.375445781484558e-08	0	0	90	3.5160000000000003e-06	-0.023660924452684248	0.0	-0.100954708	0.013488270992676799	0.0437332185036616	0	0	0.0	3.375445781484558e-08	0	0	90	5.274e-06
91	0.038153449307400736	0.00050591	0.100448798	0	0.0	-0.050477354	0	0	0	0	0	91	-0.014492524854716488	-0.00050591	0.00050591	-0.013488270992676799	-0.0437332185036616	0.050477354	0	0.0	-3.375445781484558e-08	0	0	91	3.5160000000000003e-06	-0.023660924452684248	0.0	-0.100954708	0.013488270992676799	0.0437332185036616	0	0	0.0	3.375445781484558e-08	0	0	91	5.274e-06
92	0.038153449307400736	0.00050591	0.100448798	0	0.0	-0.050477354	0	0	0	0	0	92	-0.014492524854716488	-0.00050591	0.00050591	-0.013488270992676799	-0.0437332185036616	0.050477354	0	0.0	-3.375445781484558e-08	0	0	92	3.5160000000000003e-06	-0.023660924452684248	0.0	-0.100954708	0.013488270992676799	0.0437332185036616	0	0	0.0	3.375445781484558e-08	0	0	92	5.274e-06
93	0.038153449307400736	0.00050591	0.100448798	0	0.0	-0.050477354	0	0	0	0	0	93	-0.014492524854716488	-0.00050591	0.00050591	-0.013488270992676799	-0.0437332185036616	0.050477354	0	0.0	-3.375445781484558e-08	0	0	93	3.5160000000000003e-06	-0.023660924452684248	0.0	-0.100954708	0.013488270992676799	0.0437332185036616	0	0	0.0	3.375445781484558e-08	0	0	93	5.274e-06
94	0.038153449307400736	0.00050591	0.100448798	0	0.0	-0.050477354	0	0	0	0	0	94	-0.014492524854716488	-0.00050591	0.00050591	-0.013488270992676799	-0.0437332185036616	0.050477354	0	0.0	-3.375445781484558e-08	0	0	94	3.5160000000000003e-06	-0.023660924452684248	0.0	-0.100954708	0.013488270992676799	0.0437332185036616	0	0	0.0	3.375445781484558e-08	0	0	94	5.274e-06
95	0.016384499999999896	0.0	0.043255192771366545	0	0.0	-0.021627596385683272	0	0	0	0	0	95	-0.006268227561067594	0.0	0.0	-0.006419838689805946	-0.0184176770407803	0.021627596385683272	0	0.0	-1.6341535293637734e-08	0	0	95	3.4044000000000004e-06	-0.010116272438932303	0.0	-0.043255192771366545	0.006419838689805946	0.0184176770407803	0	0	0.0	1.6341535293637734e-08	0	0	95	5.1066e-06
96	0.016384499999999896	0.0	0.043255192771366545	0	0.0	-0.021627596385683272	0	0	0	0	0	96	-0.006268227561067594	0.0	0.0	-0.006419838689805946	-0.0184176770407803	0.021627596385683272	0	0.0	-1.6341535293637734e-08	0	0	96	3.4044000000000004e-06	-0.010116272438932303	0.0	-0.043255192771366545	0.006419838689805946	0.0184176770407803	0	0	0.0	1.6341535293637734e-08	0	0	96	5.1066e-06
97	0.016384499999999896	0.0	0.043255192771366545	0	0.0	-0.021627596385683272	0	0	0	0	0	97	-0.006268227561067594	0.0	0.0	-0.006419838689805946	-0.0184176770407803	0.021627596385683272	0	0.0	-1.6341535293637734e-08	0	0	97	3.4044000000000004e-06	-0.010116272438932303	0.0	-0.043255192771366545	0.006419838689805946	0.0184176770407803	0	0	0.0	1.6341535293637734e-08	0	0	97	5.1066e-06
98	0.016384499999999896	0.0	0.043255192771366545	0	0.0	-0.021627596385683272	0	0	0	0	0	98	-0.006268227561067594	0.0	0.0	-0.006419838689805946	-0.0184176770407803	0.021627596385683272	0	0.0	-1.6341535293637734e-08	0	0	98	3.4044000000000004e-06	-0.010116272438932303	0.0	-0.043255192771366545	0.006419838689805946	0.0184176770407803	0	0	0.0	1.6341535293637734e-08	0	0	98	5.1066e-06
99	0.016384499999999896	0.0	0.043255192771366545	0	0.0	-0.021627596385683272	0	0	0	0	0	99	-0.006268227561067594	0.0	0.0	-0.006419838689805946	-0.0184176770407803	0.021627596385683272	0	0.0	-1.6341535293637734e-08	0	0	99	3.4044000000000004e-06	-0.010116272438932303	0.0	-0.043255192771366545	0.006419838689805946	0.0184176770407803	0	0	0.0	1.6341535293637734e-08	0	0	99	5.1066e-06
100	0.016384499999999896	0.0	0.043255192771366545	0	0.0	-0.021627596385683272	0	0	0	0	0	100	-0.006268227561067594	0.0	0.0	-0.006419838689805946	-0.0184176770407803	0.021627596385683272	0	0.0	-1.6341535293637734e-08	0	0	100	3.4044000000000004e-06	-0.010116272438932303	0.0	-0.043255192771366545	0.006419838689805946	0.0184176770407803	0	0	0.0	1.6341535293637734e-08	0	0	100	5.1066e-06
101	0.016384499999999896	0.0	0.043255192771366545	0	0.0	-0.021627596385683272	0	0	0	0	0	101	-0.006268227561067594	0.0	0.0	-0.006419838689805946	-0.0184176770407803	0.021627596385683272	0	0.0	-1.6341535293637734e-08	0	0	101	3.4044000000000004e-06	-0.010116272438932303	0.0	-0.043255192771366545	0.006419838689805946	0.0184176770407803	0	0	0.0	1.6341535293637734e-08	0	0	101	5.1066e-06
102	0.016384499999999896	0.0	0.043255192771366545	0	0.0	-0.021627596385683272	0	0	0	0	0	102	-0.006268227561067594	0.0	0.0	-0.006419838689805946	-0.0184176770407803	0.021627596385683272	0	0.0	-1.6341535293637734e-08	0	0	102	3.4044000000000004e-06	-0.010116272438932303	0.0	-0.043255192771366545	0.006419838689805946	0.0184176770407803	0	0	0.0	1.6341535293637734e-08	0	0	102	5.1066e-06
103	0.016384499999999896	0.0	0.043255192771366545	0	0.0	-0.021627596385683272	0	0	0	0	0	103	-0.006268227561067594	0.0	0.0	-0.006419838689805946	-0.0184176770407803	0.021627596385683272	0	0.0	-1.6341535293637734e-08	0	0	103	3.4044000000000004e-06	-0.010116272438932303	0.0	-0.043255192771366545	0.006419838689805946	0.0184176770407803	0	0	0.0	1.6341535293637734e-08	0	0	103	5.1066e-06
104	0.016384499999999896	0.0	0.043255192771366545	0	0.0	-0.021627596385683272	0	0	0	0	0	104	-0.006268227561067594	0.0	0.0	-0.006419838689805946	-0.0184176770407803	0.021627596385683272	0	0.0	-1.6341535293637734e-08	0	0	104	3.4044000000000004e-06	-0.010116272438932303	0.0	-0.043255192771366545	0.006419838689805946	0.0184176770407803	0	0	0.0	1.6341535293637734e-08	0	0	104	5.1066e-06
105	0.016384499999999896	0.0	0.043255192771366545	0	0.0	-0.021627596385683272	0	0	0	0	0	105	-0.006268227561067594	0.0	0.0	-0.006419838689805946	-0.0184176770407803	0.021627596385683272	0	0.0	-1.6341535293637734e-08	0	0	105	3.4044000000000004e-06	-0.010116272438932303	0.0	-0.043255192771366545	0.006419838689805946	0.0184176770407803	0	0	0.0	1.6341535293637734e-08	0	0	105	5.1066e-06
106	0.016384499999999896	0.0	0.043255192771366545	0	0.0	-0.021627596385683272	0	0	0	0	0	106	-0.006268227561067594	0.0	0.0	-0.006419838689805946	-0.0184176770407803	0.021627596385683272	0	0.0	-1.6341535293637734e-08	0	0	106	3.4044000000000004e-06	-0.010116272438932303	0.0	-0.043255192771366545	0.006419838689805946	0.0184176770407803	0	0	0.0	1.6341535293637734e-08	0	0	106	5.1066e-06
107	0.016384499999999896	0.0	0.043255192771366545	0	0.0	-0.021627596385683272	0	0	0	0	0	107	-0.006268227561067594	0.0	0.0	-0.006419838689805946	-0.0184176770407803	0.021627596385683272	0	0.0	-1.6341535293637734e-08	0	0	107	3.4044000000000004e-06	-0.010116272438932303	0.0	-0.043255192771366545	0.006419838689805946	0.0184176770407803	0	0	0.0	1.6341535293637734e-08	0	0	107	5.1066e-06
108	0.016384499999999896	0.0	0.043255192771366545	0	0.0	-0.021627596385683272	0	0	0	0	0	108	-0.006268227561067594	0.0	0.0	-0.006419838689805946	-0.0184176770407803	0.021627596385683272	0	0.0	-1.6341535293637734e-08	0	0	108	3.4044000000000004e-06	-0.010116272438932303	0.0	-0.043255192771366545	0.006419838689805946	0.0184176770407803	0	0	0.0	1.6341535293637734e-08	0	0	108	5.1066e-06
109	0.016384499999999896	0.0	0.043255192771366545	0	0.0	-0.021627596385683272	0	0	0	0	0	109	-0.006268227561067594	0.0	0.0	-0.006419838689805946	-0.0184176770407803	0.021627596385683272	0	0.0	-1.6341535293637734e-08	0	0	109	3.4044000000000004e-06	-0.010116272438932303	0.0	-0.043255192771366545	0.006419838689805946	0.0184176770407803	0	0	0.0	1.6341535293637734e-08	0	0	109	5.1066e-06
110	0.016384499999999896	0.0	0.043255192771366545	0	0.0	-0.021627596385683272	0	0	0	0	0	110	-0.006268227561067594	0.0	0.0	-0.006419838689805946	-0.0184176770407803	0.021627596385683272	0	0.0	-1.6341535293637734e-08	0	0	110	3.4044000000000004e-06	-0.010116272438932303	0.0	-0.043255192771366545	0.006419838689805946	0.0184176770407803	0	0	0.0	1.6341535293637734e-08	0	0	110	5.1066e-06
111	0.016384499999999896	0.0	0.043255192771366545	0	0.0	-0.021627596385683272	0	0	0	0	0	111	-0.006268227561067594	0.0	0.0	-0.006419838689805946	-0.0184176770407803	0.021627596385683272	0	0.0	-1.6341535293637734e-08	0	0	111	3.4044000000000004e-06	-0.010116272438932303	0.0	-0.043255192771366545	0.006419838689805946	0.0184176770407803	0	0	0.0	1.6341535293637734e-08	0	0	111	5.1066e-06
112	0.016384499999999896	0.0	0.043255192771366545	0	0.0	-0.021627596385683272	0	0	0	0	0	112	-0.006268227561067594	0.0	0.0	-0.006419838689805946	-0.0184176770407803	0.021627596385683272	0	0.0	-1.6341535293637734e-08	0	0	112	3.4044000000000004e-06	-0.010116272438932303	0.0	-0.043255192771366545	0.006419838689805946	0.0184176770407803	0	0	0.0	1.6341535293637734e-08	0	0	112	5.1066e-06
113	0.016384499999999896	0.0	0.043255192771366545	0	0.0	-0.021627596385683272	0	0	0	0	0	113	-0.006268227561067594	0.0	0.0	-0.006419838689805946	-0.0184176770407803	0.021627596385683272	0	0.0	-1.6341535293637734e-08	0	0	113	3.4044000000000004e-06	-0.010116272438932303	0.0	-0.043255192771366545	0.006419838689805946	0.0184176770407803	0	0	0.0	1.6341535293637734e-08	0	0	113	5.1066e-06
114	0.016384499999999896	0.0	0.043255192771366545	0	0.0	-0.021627596385683272	0	0	0	0	0	114	-0.006268227561067594	0.0	0.0	-0.006419838689805946	-0.0184176770407803	0.021627596385683272	0	0.0	-1.6341535293637734e-08	0	0	114	3.4044000000000004e-06	-0.010116272438932303	0.0	-0.043255192771366545	0.006419838689805946	0.0184176770407803	0	0	0.0	1.6341535293637734e-08	0	0	114	5.1066e-06
115	0.016384499999999896	0.0	0.043255192771366545	0	0.0	-0.021627596385683272	0	0	0	0	0	115	-0.006268227561067594	0.0	0.0	-0.006419838689805946	-0.0184176770407803	0.021627596385683272	0	0.0	-1.6341535293637734e-08	0	0	115	3.4044000000000004e-06	-0.010116272438932303	0.0	-0.043255192771366545	0.006419838689805946	0.0184176770407803	0	0	0.0	1.6341535293637734e-08	0	0	115	5.1066e-06
116	0.016384499999999896	0.0	0.043255192771366545	0	0.0	-0.021627596385683272	0	0	0	0	0	116	-0.006268227561067594	0.0	0.0	-0.006419838689805946	-0.0184176770407803	0.021627596385683272	0	0.0	-1.6341535293637734e-08	0	0	116	3.4044000000000004e-06	-0.010116272438932303	0.0	-0.043255192771366545	0.006419838689805946	0.0184176770407803	0	0	0.0	1.6341535293637734e-08	0	0	116	5.1066e-06
117	0.016384499999999896	0.0	0.043255192771366545	0	0.0	-0.021627596385683272	0	0	0	0	0	117	-0.006268227561067594	0.0	0.0	-0.006419838689805946	-0.0184176770407803	0.021627596385683272	0	0.0	-1.6341535293637734e-08	0	0	117	3.4044000000000004e-06	-0.010116272438932303	0.0	-0.043255192771366545	0.006419838689805946	0.0184176770407803	0	0	0.0	1.6341535293637734e-08	0	0	117	5.1066e-06
118	0.016384499999999896	0.0	0.043255192771366545	0	0.0	-0.021627596385683272	0	0	0	0	0	118	-0.006268227561067594	0.0	0.0	-0.006419838689805946	-0.0184176770407803	0.021627596385683272	0	0.0	-1.6341535293637734e-08	0	0	118	3.4044000000000004e-06	-0.010116272438932303	0.0	-0.043255192771366545	0.006419838689805946	0.0184176770407803	0	0	0.0	1.6341535293637734e-08	0	0	118	5.1066e-06
119	0.00020996250000000007	0.00033594	0.0	0	0.0	-0.00016797	0	0	0	0	0	119	-0.00020996250000000007	-0.00023970718750000004	0.00023970718750000004	0.0	-0.00016797	0.00016797	0	8.643456249999997e-05	0.0	0	0	119	0.0	0.0	-9.623281249999998e-05	-0.00023970718750000004	0.0	0.00016797	0	0	-8.643456249999997e-05	0.0	0	0	119	0.0
120	0.00020996250000000007	0.00033594	0.0	0	0.0	-0.00016797	0	0	0	0	0	120	-0.00020996250000000007	-0.00023970718750000004	0.00023970718750000004	0.0	-0.00016797	0.00016797	0	8.643456249999997e-05	0.0	0	0	120	0.0	0.0	-9.623281249999998e-05	-0.00023970718750000004	0.0	0.00016797	0	0	-8.643456249999997e-05	0.0	0	0	120	0.0
121	0.00020996250000000007	0.00033594	0.0	0	0.0	-0.00016797	0	0	0	0	0	121	-0.00020996250000000007	-0.00023970718750000004	0.00023970718750000004	0.0	-0.00016797	0.00016797	0	8.643456249999997e-05	0.0	0	0	121	0.0	0.0	-9.623281249999998e-05	-0.00023970718750000004	0.0	0.00016797	0	0	-8.643456249999997e-05	0.0	0	0	121	0.0
122	0.00020996250000000007	0.00033594	0.0	0	0.0	-0.00016797	0	0	0	0	0	122	-0.00020996250000000007	-0.00023970718750000004	0.00023970718750000004	0.0	-0.00016797	0.00016797	0	8.643456249999997e-05	0.0	0	0	122	0.0	0.0	-9.623281249999998e-05	-0.00023970718750000004	0.0	0.00016797	0	0	-8.643456249999997e-05	0.0	0	0	122	0.0
123	0.00020996250000000007	0.00033594	0.0	0	0.0	-0.00016797	0	0	0	0	0	123	-0.00020996250000000007	-0.00023970718750000004	0.00023970718750000004	0.0	-0.00016797	0.00016797	0	8.643456249999997e-05	0.0	0	0	123	0.0	0.0	-9.623281249999998e-05	-0.00023970718750000004	0.0	0.00016797	0	0	-8.643456249999997e-05	0.0	0	0	123	0.0
124	0.00020996250000000007	0.00033594	0.0	0	0.0	-0.00016797	0	0	0	0	0	124	-0.00020996250000000007	-0.00023970718750000004	0.00023970718750000004	0.0	-0.00016797	0.00016797	0	8.643456249999997e-05	0.0	0	0	124	0.0	0.0	-9.623281249999998e-05	-0.00023970718750000004	0.0	0.00016797	0	0	-8.643456249999997e-05	0.0	0	0	124	0.0
125	0.00020996250000000007	0.00033594	0.0	0	0.0	-0.00016797	0	0	0	0	0	125	-0.00020996250000000007	-0.00023970718750000004	0.00023970718750000004	0.0	-0.00016797	0.00016797	0	8.643456249999997e-05	0.0	0	0	125	0.0	0.0	-9.623281249999998e-05	-0.00023970718750000004	0.0	0.00016797	0	0	-8.643456249999997e-05	0.0	0	0	125	0.0
126	0.00020996250000000007	0.00033594	0.0	0	0.0	-0.00016797	0	0	0	0	0	126	-0.00020996250000000007	-0.00023970718750000004	0.00023970718750000004	0.0	-0.00016797	0.00016797	0	8.643456249999997e-05	0.0	0	0	126	0.0	0.0	-9.623281249999998e-05	-0.00023970718750000004	0.0	0.00016797	0	0	-8.643456249999997e-05	0.0	0	0	126	0.0
127	0.00020996250000000007	0.00033594	0.0	0	0.0	-0.00016797	0	0	0	0	0	127	-0.00020996250000000007	-0.00023970718750000004	0.00023970718750000004	0.0	-0.00016797	0.00016797	0	8.643456249999997e-05	0.0	0	0	127	0.0	0.0	-9.623281249999998e-05	-0.00023970718750000004	0.0	0.00016797	0	0	-8.643456249999997e-05	0.0	0	0	127	0.0
128	0.00020996250000000007	0.00033594	0.0	0	0.0	-0.00016797	0	0	0	0	0	128	-0.00020996250000000007	-0.00023970718750000004	0.00023970718750000004	0.0	-0.00016797	0.00016797	0	8.643456249999997e-05	0.0	0	0	128	0.0	0.0	-9.623281249999998e-05	-0.00023970718750000004	0.0	0.00016797	0	0	-8.643456249999997e-05	0.0	0	0	128	0.0
129	0.00020996250000000007	0.00033594	0.0	0	0.0	-0.00016797	0	0	0	0	0	129	-0.00020996250000000007	-0.00023970718750000004	0.00023970718750000004	0.0	-0.00016797	0.00016797	0	8.643456249999997e-05	0.0	0	0	129	0.0	0.0	-9.623281249999998e-05	-0.00023970718750000004	0.0	0.00016797	0	0	-8.643456249999997e-05	0.0	0	0	129	0.0
130	0.00020996250000000007	0.00033594	0.0	0	0.0	-0.00016797	0	0	0	0	0	130	-0.00020996250000000007	-0.00023970718750000004	0.00023970718750000004	0.0	-0.00016797	0.00016797	0	8.643456249999997e-05	0.0	0	0	130	0.0	0.0	-9.623281249999998e-05	-0.00023970718750000004	0.0	0.00016797	0	0	-8.643456249999997e-05	0.0	0	0	130	0.0
131	0.00020996250000000007	0.00033594	0.0	0	0.0	-0.00016797	0	0	0	0	0	131	-0.00020996250000000007	-0.00023970718750000004	0.00023970718750000004	0.0	-0.00016797	0.00016797	0	8.643456249999997e-05	0.0	0	0	131	0.0	0.0	-9.623281249999998e-05	-0.00023970718750000004	0.0	0.00016797	0	0	-8.643456249999997e-05	0.0	0	0	131	0.0
132	0.00020996250000000007	0.00033594	0.0	0	0.0	-0.00016797	0	0	0	0	0	132	-0.00020996250000000007	-0.00023970718750000004	0.00023970718750000004	0.0	-0.00016797	0.00016797	0	8.643456249999997e-05	0.0	0	0	132	0.0	0.0	-9.623281249999998e-05	-0.00023970718750000004	0.0	0.00016797	0	0	-8.643456249999997e-05	0.0	0	0	132	0.0
133	0.00020996250000000007	0.00033594	0.0	0	0.0	-0.00016797	0	0	0	0	0	133	-0.00020996250000000007	-0.00023970718750000004	0.00023970718750000004	0.0	-0.00016797	0.00016797	0	8.643456249999997e-05	0.0	0	0	133	0.0	0.0	-9.623281249999998e-05	-0.00023970718750000004	0.0	0.00016797	0	0	-8.643456249999997e-05	0.0	0	0	133	0.0
134	0.00020996250000000007	0.00033594	0.0	0	0.0	-0.00016797	0	0	0	0	0	134	-0.00020996250000000007	-0.00023970718750000004	0.00023970718750000004	0.0	-0.00016797	0.00016797	0	8.643456249999997e-05	0.0	0	0	134	0.0	0.0	-9.623281249999998e-05	-0.00023970718750000004	0.0	0.00016797	0	0	-8.643456249999997e-05	0.0	0	0	134	0.0
135	0.00020996250000000007	0.00033594	0.0	0	0.0	-0.00016797	0	0	0	0	0	135	-0.00020996250000000007	-0.00023970718750000004	0.00023970718750000004	0.0	-0.00016797	0.00016797	0	8.643456249999997e-05	0.0	0	0	135	0.0	0.0	-9.623281249999998e-05	-0.00023970718750000004	0.0	0.00016797	0	0	-8.643456249999997e-05	0.0	0	0	135	0.0
136	0.00020996250000000007	0.00033594	0.0	0	0.0	-0.00016797	0	0	0	0	0	136	-0.00020996250000000007	-0.00023970718750000004	0.00023970718750000004	0.0	-0.00016797	0.00016797	0	8.643456249999997e-05	0.0	0	0	136	0.0	0.0	-9.623281249999998e-05	-0.00023970718750000004	0.0	0.00016797	0	0	-8.643456249999997e-05	0.0	0	0	136	0.0
137	0.00020996250000000007	0.00033594	0.0	0	0.0	-0.00016797	0	0	0	0	0	137	-0.00020996250000000007	-0.00023970718750000004	0.00023970718750000004	0.0	-0.00016797	0.00016797	0	8.643456249999997e-05	0.0	0	0	137	0.0	0.0	-9.623281249999998e-05	-0.00023970718750000004	0.0	0.00016797	0	0	-8.643456249999997e-05	0.0	0	0	137	0.0
138	0.00020996250000000007	0.00033594	0.0	0	0.0	-0.00016797	0	0	0	0	0	138	-0.00020996250000000007	-0.00023970718750000004	0.00023970718750000004	0.0	-0.00016797	0.00016797	0	8.643456249999997e-05	0.0	0	0	138	0.0	0.0	-9.623281249999998e-05	-0.00023970718750000004	0.0	0.00016797	0	0	-8.643456249999997e-05	0.0	0	0	138	0.0
139	0.00020996250000000007	0.00033594	0.0	0	0.0	-0.00016797	0	0	0	0	0	139	-0.00020996250000000007	-0.00023970718750000004	0.00023970718750000004	0.0	-0.00016797	0.00016797	0	8.643456249999997e-05	0.0	0	0	139	0.0	0.0	-9.623281249999998e-05	-0.00023970718750000004	0.0	0.00016797	0	0	-8.643456249999997e-05	0.0	0	0	139	0.0
140	0.00020996250000000007	0.00033594	0.0	0	0.0	-0.00016797	0	0	0	0	0	140	-0.00020996250000000007	-0.00023970718750000004	0.00023970718750000004	0.0	-0.00016797	0.00016797	0	8.643456249999997e-05	0.0	0	0	140	0.0	0.0	-9.623281249999998e-05	-0.00023970718750000004	0.0	0.00016797	0	0	-8.643456249999997e-05	0.0	0	0	140	0.0
141	0.00020996250000000007	0.00033594	0.0	0	0.0	-0.00016797	0	0	0	0	0	141	-0.00020996250000000007	-0.00023970718750000004	0.00023970718750000004	0.0	-0.00016797	0.00016797	0	8.643456249999997e-05	0.0	0	0	141	0.0	0.0	-9.623281249999998e-05	-0.00023970718750000004	0.0	0.00016797	0	0	-8.643456249999997e-05	0.0	0	0	141	0.0
