{
  "metadata" : [
    [
      538,
      "GramNegModelTemplateV5_DNR_v2",
      "KBaseFBA.NewModelTemplate-3.0",
      "2024-05-23T06:45:00+0000",
      1,
      "filipeliu",
      12218,
      "filipeliu:1452618747692",
      "44ea20caf15ef1ba1479aead56ccb6fe",
      13675917,
      { }
    ]
  ],
  "provenance" : [
    {
      "copy_source_inaccessible" : null,
      "created" : "2024-05-23T06:44:54+0000",
      "creator" : "filipeliu",
      "extracted_ids" : null,
      "info" : [
        538,
        "GramNegModelTemplateV5_DNR_v2",
        "KBaseFBA.NewModelTemplate-3.0",
        "2024-05-23T06:45:00+0000",
        1,
        "filipeliu",
        12218,
        "filipeliu:1452618747692",
        "44ea20caf15ef1ba1479aead56ccb6fe",
        13675917,
        { }
      ],
      "provenance" : [
        {
          "custom" : { },
          "description" : "ModelSEEDpy-KBase",
          "external_data" : [ ],
          "input_ws_objects" : [ ],
          "intermediate_incoming" : [ ],
          "intermediate_outgoing" : [ ],
          "method" : "save_object",
          "method_params" : [
            {
              "object_id" : "GramNegModelTemplateV5_DNR_v2",
              "object_type" : "KBaseFBA.NewModelTemplate",
              "ws" : 12218
            }
          ],
          "resolved_ws_objects" : [ ],
          "script_command_line" : "3.11.1 (main, Feb  4 2023, 11:13:32) [GCC 10.2.1 20210110]",
          "service" : "cobrakbase.KBaseAPI",
          "service_ver" : "0.3.1",
          "subactions" : [ ]
        }
      ],
      "refs" : [
        "489/6/6"
      ]
    }
  ]
}